{
  "best_val_auc": 0.6456739566568928,
  "test_accuracy": 0.6701298701298701,
  "test_roc_auc": 0.6403415977961431,
  "pos_ratio": 0.4010378056334182
}